City_ID,City,Cloudiness,Country,Date,Humidity,Lat,Lng,Max Temp,Wind Speed
0,Biak,50,ID,2021-05-27 19:16:22,85,-0.9131,122.8766,76.32,7.05
1,Lavrentiya,6,RU,2021-05-27 19:16:23,92,65.5833,-171.0,32.79,8.72
2,Miquelon,100,PM,2021-05-27 19:11:30,99,47.0975,-56.3814,44.6,18.1
3,East London,27,ZA,2021-05-27 19:16:23,67,-33.0153,27.9116,67.1,13.87
4,Iqaluit,75,CA,2021-05-27 19:16:23,69,63.7506,-68.5145,33.53,15.01
5,Hervey Bay,0,AU,2021-05-27 19:16:24,64,-25.2986,152.8535,54.03,3.0
6,Jamestown,1,US,2021-05-27 19:16:24,50,42.097,-79.2353,69.12,5.99
7,Cherskiy,75,RU,2021-05-27 19:16:24,26,68.75,161.3,54.59,11.72
8,Sitka,90,US,2021-05-27 19:16:25,71,57.0531,-135.33,48.09,8.05
9,Poienile De Sub Munte,30,RO,2021-05-27 19:16:25,88,47.8167,24.4333,52.56,1.25
10,Koutiala,53,ML,2021-05-27 19:16:26,22,12.3917,-5.4642,98.71,7.23
11,Pisco,90,PE,2021-05-27 19:16:26,94,-13.7,-76.2167,64.45,4.61
12,Mataura,100,NZ,2021-05-27 19:16:26,99,-46.1927,168.8643,49.48,1.16
13,Port Macquarie,0,AU,2021-05-27 19:16:27,69,-31.4333,152.9167,46.36,10.6
14,Ushuaia,40,AR,2021-05-27 19:15:28,86,-54.8,-68.3,31.66,21.85
15,Tuktoyaktuk,75,CA,2021-05-27 19:16:27,80,69.4541,-133.0374,28.4,12.66
16,Hobart,40,AU,2021-05-27 19:15:04,82,-42.8794,147.3294,43.02,5.01
17,Avarua,40,CK,2021-05-27 19:16:28,89,-21.2078,-159.775,80.65,13.8
18,Gweta,0,BW,2021-05-27 19:16:28,23,-20.1833,25.2333,64.65,6.46
19,Seoul,90,KR,2021-05-27 19:12:05,94,37.5683,126.9778,56.77,4.45
20,San Juan De Abajo,1,MX,2021-05-27 19:16:28,74,20.8167,-105.1833,82.08,8.39
21,Bredasdorp,100,ZA,2021-05-27 19:16:30,67,-34.5322,20.0403,60.12,6.76
22,Bethel,1,US,2021-05-27 19:16:30,43,41.3712,-73.414,82.08,1.01
23,Castro,86,BR,2021-05-27 19:16:31,60,-24.7911,-50.0119,72.32,5.64
24,Upernavik,25,GL,2021-05-27 19:12:51,97,72.7868,-56.1549,35.73,5.08
25,Barrow,90,US,2021-05-27 19:16:31,86,71.2906,-156.7887,30.22,12.66
26,Te Anau,100,NZ,2021-05-27 19:16:31,98,-45.4167,167.7167,40.12,2.33
27,Sao Joao Da Barra,43,BR,2021-05-27 19:16:32,80,-21.6403,-41.0511,78.89,9.91
28,Kesinga,100,IN,2021-05-27 19:16:32,58,20.2,83.2333,81.66,1.9
29,Karratha,89,AU,2021-05-27 19:16:32,72,-20.7377,116.8463,74.89,5.61
30,Alta Floresta,40,BR,2021-05-27 19:16:33,40,-9.8756,-56.0861,93.02,2.3
31,Mar Del Plata,0,AR,2021-05-27 19:16:33,43,-38.0023,-57.5575,71.62,17.27
32,Leshukonskoye,100,RU,2021-05-27 19:16:33,97,64.8989,45.7622,37.54,4.9
33,Miles City,90,US,2021-05-27 19:16:33,71,46.4083,-105.8406,47.37,8.05
34,Rio Gallegos,90,AR,2021-05-27 19:16:34,93,-51.6226,-69.2181,32.05,8.05
35,Georgetown,20,MY,2021-05-27 19:16:34,87,5.4112,100.3354,80.53,0.0
36,Puerto Ayora,61,EC,2021-05-27 19:16:34,89,-0.7393,-90.3518,82.36,7.0
37,Kodiak,40,US,2021-05-27 19:16:35,81,57.79,-152.4072,47.71,9.22
38,Victoria,98,HK,2021-05-27 19:16:24,85,22.2855,114.1577,86.32,1.99
39,Katsuura,100,JP,2021-05-27 19:16:35,87,35.1333,140.3,62.71,12.75
40,Ahtopol,78,BG,2021-05-27 19:16:35,92,42.1,27.95,64.87,5.57
41,Blagoyevo,100,RU,2021-05-27 19:16:36,98,63.3667,47.9167,37.26,3.49
42,Ahar,0,IR,2021-05-27 19:16:36,85,38.4774,47.0699,58.95,3.49
43,Albany,9,US,2021-05-27 19:16:36,46,42.6001,-73.9662,74.17,8.01
44,Tecate,0,MX,2021-05-27 19:16:24,40,32.5667,-116.6333,81.16,8.41
45,Busselton,0,AU,2021-05-27 19:16:37,80,-33.65,115.3333,56.08,9.48
46,Antofagasta,83,CL,2021-05-27 19:16:37,55,-23.65,-70.4,71.22,5.26
47,Punta Arenas,40,CL,2021-05-27 19:16:01,51,-53.15,-70.9167,35.71,15.03
48,Yar-Sale,99,RU,2021-05-27 19:16:37,63,66.8333,70.8333,36.32,5.37
49,Puerto Lleras,39,CO,2021-05-27 19:15:19,79,3.0223,-73.4044,81.68,2.62
50,Samarai,98,PG,2021-05-27 19:16:38,74,-10.6167,150.6667,77.88,17.13
51,Hithadhoo,100,MV,2021-05-27 19:16:38,77,-0.6,73.0833,83.16,18.72
52,Dobele,3,LV,2021-05-27 19:16:38,90,56.625,23.2786,51.35,4.16
53,Faya,3,SA,2021-05-27 19:16:39,28,18.3851,42.4509,77.11,9.22
54,Port Elizabeth,100,ZA,2021-05-27 19:16:39,73,-33.918,25.5701,59.09,12.3
55,Rikitea,68,PF,2021-05-27 19:16:39,57,-23.1203,-134.9692,71.89,7.14
56,Ribeira Grande,20,PT,2021-05-27 19:16:39,52,38.5167,-28.7,64.8,9.22
57,Kavaratti,10,IN,2021-05-27 19:16:40,76,10.5669,72.642,83.26,16.02
58,Port Alfred,100,ZA,2021-05-27 19:16:40,81,-33.5906,26.891,62.91,14.52
59,Suluq,4,LY,2021-05-27 19:16:40,38,31.6682,20.2521,77.11,12.03
60,Dumabato,81,PH,2021-05-27 19:16:41,87,16.3167,121.7,75.78,0.76
61,Pevek,95,RU,2021-05-27 19:16:41,67,69.7008,170.3133,37.76,0.87
62,Yellowknife,13,CA,2021-05-27 19:13:16,50,62.456,-114.3525,58.32,3.0
63,Mahebourg,45,MU,2021-05-27 19:16:42,86,-20.4081,57.7,72.25,8.68
64,Labuhan,21,ID,2021-05-27 19:16:42,85,-6.8844,112.2051,78.82,7.74
65,Provideniya,0,RU,2021-05-27 19:16:42,60,64.3833,-173.3,41.11,17.9
66,Hilton Head Island,1,US,2021-05-27 19:16:42,62,32.2163,-80.7526,95.11,10.36
67,Kaitangata,100,NZ,2021-05-27 19:16:43,95,-46.2817,169.8464,43.03,3.22
68,Hamilton,40,US,2021-05-27 19:16:43,60,39.1834,-84.5333,83.73,1.01
69,Vaini,20,TO,2021-05-27 19:16:43,83,-21.2,-175.2,69.96,8.05
70,Qaanaaq,99,GL,2021-05-27 19:16:44,82,77.484,-69.3632,36.84,4.63
71,Hilo,40,US,2021-05-27 19:16:44,69,19.7297,-155.09,80.8,0.0
72,Shumskiy,100,RU,2021-05-27 19:16:44,72,54.8318,99.1328,48.83,6.04
73,Avera,47,US,2021-05-27 19:16:45,32,33.194,-82.5271,93.7,10.07
74,Ibirama,0,BR,2021-05-27 19:16:45,55,-27.0569,-49.5178,75.83,1.12
75,Coquimbo,75,CL,2021-05-27 19:13:42,94,-29.9533,-71.3436,55.13,5.61
76,Sobolevo,100,RU,2021-05-27 19:16:45,78,54.4299,31.8996,57.36,2.84
77,Balabac,92,PH,2021-05-27 19:11:50,77,7.9868,117.0645,81.68,5.48
78,Xichang,100,CN,2021-05-27 19:16:46,77,27.8964,102.2634,67.78,0.13
79,Thompson,75,CA,2021-05-27 19:16:46,28,55.7435,-97.8558,53.76,4.61
80,Guangyuan,100,CN,2021-05-27 19:16:46,99,32.442,105.823,68.49,1.1
81,Dunedin,100,NZ,2021-05-27 19:16:47,74,-45.8742,170.5036,48.79,8.99
82,Vila Velha,40,BR,2021-05-27 19:16:47,82,-20.3297,-40.2925,80.96,10.0
83,Aborlan,100,PH,2021-05-27 19:16:47,87,9.4352,118.5492,79.0,1.83
84,Tautira,0,PF,2021-05-27 19:16:48,71,-17.7333,-149.15,82.42,6.06
85,Port Hedland,100,AU,2021-05-27 19:16:48,53,-20.3167,118.5667,75.25,4.61
86,Tasiilaq,100,GL,2021-05-27 19:16:48,88,65.6145,-37.6368,42.96,11.27
87,Baghmara,100,IN,2021-05-27 19:16:49,85,23.795,86.2085,77.83,12.28
88,Pangnirtung,20,CA,2021-05-27 19:16:49,86,66.1451,-65.7125,32.0,16.11
89,Zhangye,69,CN,2021-05-27 19:16:49,23,38.9342,100.4517,65.8,5.19
90,Shieli,92,KZ,2021-05-27 19:16:50,31,44.1667,66.75,79.9,5.88
91,Flin Flon,75,CA,2021-05-27 19:16:50,40,54.7682,-101.865,53.44,11.68
92,Zyryanka,1,RU,2021-05-27 19:16:50,54,65.75,150.85,52.93,15.01
93,Mackay,0,AU,2021-05-27 19:16:51,67,-21.15,149.2,59.04,8.05
94,Dubti,100,ET,2021-05-27 19:16:51,24,11.7361,41.0853,97.03,11.92
95,Nara,100,JP,2021-05-27 19:16:51,89,34.6851,135.8049,63.5,3.94
96,Cidreira,0,BR,2021-05-27 19:16:52,54,-30.1811,-50.2056,69.13,6.08
97,Hasaki,100,JP,2021-05-27 19:16:52,84,35.7333,140.8333,57.6,0.47
98,Trinidad,40,BO,2021-05-27 19:16:52,58,-14.8333,-64.9,87.78,10.36
99,Sorland,100,NO,2021-05-27 19:16:52,77,67.667,12.6934,42.87,12.57
100,Tornio,54,FI,2021-05-27 19:16:53,73,65.8481,24.1466,42.82,8.7
101,Cururupu,22,BR,2021-05-27 19:16:53,57,-1.8283,-44.8683,87.22,5.64
102,Klaksvik,92,FO,2021-05-27 19:16:53,84,62.2266,-6.589,49.12,14.74
103,Saldanha,80,ZA,2021-05-27 19:16:54,89,-33.0117,17.9442,57.94,9.44
104,Khatanga,100,RU,2021-05-27 19:16:54,92,71.9667,102.5,21.43,5.75
105,Ptichye,94,RU,2021-05-27 19:16:55,86,45.5168,41.7115,67.87,4.65
106,Saskylakh,100,RU,2021-05-27 19:16:55,88,71.9167,114.0833,28.29,6.17
107,Cabo San Lucas,40,MX,2021-05-27 19:16:55,30,22.8909,-109.9124,101.52,11.5
108,Tenabo,9,MX,2021-05-27 19:16:56,26,20.05,-90.2333,93.2,4.72
109,Padang,100,ID,2021-05-27 19:15:48,86,-0.9492,100.3543,77.38,4.03
110,Thiadiaye,7,SN,2021-05-27 19:16:56,41,14.4205,-16.7056,76.01,15.93
111,Uray,100,RU,2021-05-27 19:16:56,74,60.1247,64.7758,42.76,5.1
112,Allapalli,100,IN,2021-05-27 19:16:57,33,19.4167,80.0667,94.32,6.58
113,Lompoc,1,US,2021-05-27 19:12:01,68,34.6391,-120.4579,75.02,14.97
114,Otane,100,NZ,2021-05-27 19:16:57,90,-39.8833,176.6333,37.0,2.48
115,Kaseda,100,JP,2021-05-27 19:16:57,80,31.4167,130.3167,64.85,4.92
116,Vardo,75,NO,2021-05-27 19:16:58,81,70.3705,31.1107,41.2,12.66
117,Airai,85,TL,2021-05-27 19:16:58,88,-8.9266,125.4092,54.91,4.43
118,Bogo,94,PH,2021-05-27 19:16:58,83,11.0517,124.0055,80.76,6.24
119,Marystown,100,CA,2021-05-27 19:16:59,98,47.1666,-55.1483,46.85,14.47
120,Saint-Philippe,49,RE,2021-05-27 19:16:59,78,-21.3585,55.7679,71.22,6.8
121,Ponta Do Sol,78,PT,2021-05-27 19:17:00,73,32.6667,-17.1,68.72,2.08
122,Hualmay,20,PE,2021-05-27 19:17:00,76,-11.0964,-77.6139,71.47,9.4
123,New Norfolk,75,AU,2021-05-27 19:17:00,79,-42.7826,147.0587,42.66,1.01
124,Teya,100,RU,2021-05-27 19:17:01,88,60.3778,92.6267,46.18,7.16
125,Araouane,100,ML,2021-05-27 19:17:01,7,18.9048,-3.5265,99.97,4.83
126,Presidencia Roque Saenz Pena,100,AR,2021-05-27 19:15:08,40,-26.7852,-60.4388,77.92,6.6
127,Vanimo,100,PG,2021-05-27 19:17:02,86,-2.6741,141.3028,78.15,3.56
128,Codrington,100,AU,2021-05-27 19:17:02,68,-38.2667,141.9667,52.3,13.44
129,Buala,100,SB,2021-05-27 19:17:02,93,-8.145,159.5921,76.26,5.99
130,Ancud,100,CL,2021-05-27 19:17:03,80,-41.8697,-73.8203,51.33,28.05
131,Salym,82,RU,2021-05-27 19:17:03,79,60.0625,71.4789,39.4,6.98
132,Ridgecrest,1,US,2021-05-27 19:17:03,13,35.6225,-117.6709,90.68,1.99
133,Yaan,12,NG,2021-05-27 19:17:04,62,7.3833,8.5667,83.23,9.1
134,Cape Town,100,ZA,2021-05-27 19:14:38,73,-33.9258,18.4232,61.88,4.0
135,San Patricio,42,US,2021-05-27 19:17:04,63,28.017,-97.5169,90.28,16.31
136,Malakal,98,SS,2021-05-27 19:17:04,53,9.5334,31.6605,84.61,3.96
137,Guerrero Negro,0,MX,2021-05-27 19:17:05,57,27.9769,-114.0611,68.99,19.26
138,Morros,100,BR,2021-05-27 19:17:05,26,-9.4467,-46.3003,89.76,8.66
139,Atuona,17,PF,2021-05-27 19:17:05,74,-9.8,-139.0333,78.93,14.45
140,Sakakah,0,SA,2021-05-27 19:17:06,9,29.9697,40.2064,89.17,7.09
141,Konya,86,TR,2021-05-27 19:13:21,69,38.1667,32.5,60.28,4.56
142,Lebu,1,CL,2021-05-27 19:17:06,83,-37.6167,-73.65,57.07,9.93
143,Nikolskoye,100,RU,2021-05-27 19:17:07,99,59.7035,30.7861,53.4,4.34
144,Ambilobe,18,MG,2021-05-27 19:17:07,89,-13.2,49.05,70.47,2.84
145,Namibe,0,AO,2021-05-27 19:17:07,76,-15.1961,12.1522,73.54,2.82
146,Okhotsk,100,RU,2021-05-27 19:17:08,80,59.3833,143.3,38.77,2.62
147,Nakhon Thai,99,TH,2021-05-27 19:17:08,97,17.1006,100.8374,76.08,1.28
148,Nantucket,1,US,2021-05-27 19:16:37,64,41.2835,-70.0995,81.61,14.97
149,Waipawa,100,NZ,2021-05-27 19:17:08,88,-41.4122,175.5153,49.46,5.86
150,Dordrecht,7,NL,2021-05-27 19:17:09,80,51.81,4.6736,55.24,1.99
151,Butaritari,77,KI,2021-05-27 19:17:09,78,3.0707,172.7902,83.52,20.69
152,Xining,100,CN,2021-05-27 19:17:10,44,36.6167,101.7667,57.04,1.68
153,Tuatapere,100,NZ,2021-05-27 19:17:10,92,-46.1333,167.6833,49.82,3.02
154,Zaozerne,4,UA,2021-05-27 19:17:10,66,45.1582,33.2787,62.94,9.86
155,Hermanus,61,ZA,2021-05-27 19:17:10,72,-34.4187,19.2345,58.89,11.23
156,Chokurdakh,4,RU,2021-05-27 19:17:11,70,70.6333,147.9167,34.79,9.46
157,Ko Samui,100,TH,2021-05-27 19:15:25,76,9.5357,99.9357,82.89,17.45
158,Touros,7,BR,2021-05-27 19:17:11,73,-5.1989,-35.4608,83.3,16.08
159,University Place,40,US,2021-05-27 19:16:53,79,47.2356,-122.5504,61.16,14.97
160,Ust-Tsilma,88,RU,2021-05-27 19:17:12,53,65.441,52.1498,38.48,4.36
161,Belmonte,1,BR,2021-05-27 19:17:12,64,-15.8631,-38.8828,81.1,8.14
162,Moree,0,AU,2021-05-27 19:17:12,81,-29.4667,149.85,39.22,8.05
163,Kapaa,90,US,2021-05-27 19:17:13,80,22.0752,-159.319,78.78,1.01
164,San Cristobal,74,VE,2021-05-27 19:17:13,68,7.7669,-72.225,73.58,6.82
165,Mirabad,0,AF,2021-05-27 19:17:13,14,30.4362,61.8383,91.51,14.54
166,Ostrovnoy,100,RU,2021-05-27 19:17:14,49,68.0531,39.5131,43.72,18.92
167,Oranjemund,17,NA,2021-05-27 19:17:14,81,-28.55,16.4333,57.13,1.34
168,Bengkulu,100,ID,2021-05-27 19:12:24,89,-3.8004,102.2655,77.45,5.55
169,Mareeba,47,AU,2021-05-27 19:17:15,93,-17.0,145.4333,65.12,2.17
170,Raymond,2,US,2021-05-27 19:17:15,44,43.9015,-70.4703,74.57,8.88
171,Saint George,1,US,2021-05-27 19:16:04,11,37.1041,-113.5841,92.62,1.01
172,Mount Gambier,75,AU,2021-05-27 19:17:15,93,-37.8333,140.7667,48.11,4.61
173,Hambantota,98,LK,2021-05-27 19:17:16,81,6.1241,81.1185,80.74,23.0
174,Flinders,19,AU,2021-05-27 19:17:16,74,-34.5833,150.8552,54.21,4.0
175,Souillac,91,MU,2021-05-27 19:17:16,86,-20.5167,57.5167,72.36,7.49
176,Rockland,4,US,2021-05-27 19:17:17,38,41.1668,-74.0496,82.96,1.01
177,Clyde River,97,CA,2021-05-27 19:17:17,80,70.4692,-68.5914,30.43,31.07
178,Fairbanks,75,US,2021-05-27 19:16:16,48,64.8378,-147.7164,57.16,11.5
179,Toppenish,65,US,2021-05-27 19:17:17,41,46.3774,-120.3087,72.86,22.48
180,Sisophon,100,KH,2021-05-27 19:17:18,90,13.5859,102.9737,77.68,4.16
181,Lima,90,PE,2021-05-27 19:13:29,81,-12.0432,-77.0282,69.91,5.75
182,Carnarvon,71,AU,2021-05-27 19:17:18,77,-24.8667,113.6333,64.47,0.0
183,Gat,0,IL,2021-05-27 19:17:19,67,31.61,34.7642,79.39,3.89
184,Batetskiy,100,RU,2021-05-27 19:17:19,98,58.6461,30.3027,51.03,2.04
185,Wehr,5,DE,2021-05-27 19:17:19,78,47.6298,7.9042,56.53,0.92
186,Fakse Ladeplads,39,DK,2021-05-27 19:17:20,88,55.2198,12.1701,54.95,10.6
187,Marsh Harbour,100,BS,2021-05-27 19:17:20,70,26.5412,-77.0636,77.86,7.29
188,Batemans Bay,6,AU,2021-05-27 19:17:20,75,-35.7167,150.1833,54.91,7.31
189,Ilulissat,40,GL,2021-05-27 19:17:21,30,69.2167,-51.1,57.22,17.27
190,Port Blair,100,IN,2021-05-27 19:17:21,83,11.6667,92.75,81.5,6.73
191,Cairns,40,AU,2021-05-27 19:17:21,86,-16.9167,145.7667,69.75,9.22
192,Beringovskiy,100,RU,2021-05-27 19:17:22,97,63.05,179.3167,32.81,4.0
193,Baiao,90,BR,2021-05-27 19:17:22,42,-2.7906,-49.6717,92.21,3.38
194,Katherine,17,AU,2021-05-27 19:17:22,63,-14.4667,132.2667,61.12,6.69
195,Bambous Virieux,43,MU,2021-05-27 19:17:23,87,-20.3428,57.7575,72.21,8.95
196,Leningradskiy,55,RU,2021-05-27 19:17:23,95,69.3833,178.4167,30.04,11.34
197,Bac Lieu,99,VN,2021-05-27 19:17:23,85,9.285,105.7244,78.33,6.89
198,Portland,75,US,2021-05-27 19:16:48,78,45.5234,-122.6762,62.53,4.0
199,Saint Anthony,90,US,2021-05-27 19:17:24,91,45.0205,-93.218,47.3,4.0
200,Fortuna,90,US,2021-05-27 19:17:24,56,40.5982,-124.1573,68.47,4.0
201,Praia Da Vitoria,20,PT,2021-05-27 19:17:25,67,38.7333,-27.0667,62.85,10.33
202,Severo-Yeniseyskiy,66,RU,2021-05-27 19:17:25,85,60.3725,93.0408,42.31,12.12
203,Nouadhibou,0,MR,2021-05-27 19:17:20,73,20.931,-17.0347,67.98,21.85
204,Altamira,20,BR,2021-05-27 19:17:25,62,-3.2033,-52.2064,91.49,3.44
205,Rudnyy,0,KZ,2021-05-27 19:17:25,58,52.9594,63.1206,56.89,10.38
206,Comitan,89,MX,2021-05-27 19:17:26,44,16.25,-92.1333,78.87,7.29
207,Chuy,0,UY,2021-05-27 19:17:26,57,-33.6971,-53.4616,67.14,6.96
208,Bluff,100,NZ,2021-05-27 19:17:27,89,-46.6,168.3333,49.8,8.32
209,Arraial Do Cabo,20,BR,2021-05-27 19:17:27,78,-22.9661,-42.0278,76.96,8.05
210,Alofi,20,NU,2021-05-27 19:17:27,100,-19.0595,-169.9187,75.09,2.3
211,Vestmanna,72,FO,2021-05-27 19:17:28,71,62.1564,-7.1664,47.32,13.6
212,Olinda,75,BR,2021-05-27 19:17:28,78,-8.0089,-34.8553,76.73,15.35
213,Conakry,40,GN,2021-05-27 19:17:28,79,9.538,-13.6773,84.27,11.5
214,Kruisfontein,100,ZA,2021-05-27 19:17:29,74,-34.0033,24.7314,56.88,8.32
215,Calbuco,100,CL,2021-05-27 19:17:29,75,-41.768,-73.1273,56.41,23.22
216,Valdivia,2,CL,2021-05-27 19:17:29,78,-39.8142,-73.2459,59.09,12.44
217,Rockport,75,US,2021-05-27 19:17:30,82,28.0206,-97.0544,87.91,5.99
218,Mehamn,100,NO,2021-05-27 19:17:30,81,71.0357,27.8492,39.11,22.84
219,Yatou,100,CN,2021-05-27 19:17:30,49,37.15,122.3833,67.91,16.35
220,Mackenzie,90,CA,2021-05-27 19:17:31,87,55.2999,-123.1698,46.62,6.91
221,Chiclana,94,AR,2021-05-27 19:17:31,59,-35.7346,-61.7503,67.71,11.5
222,Sibolga,97,ID,2021-05-27 19:17:03,90,1.7427,98.7792,77.4,3.4
223,Kony,100,HU,2021-05-27 19:17:31,92,47.6305,17.3572,56.12,12.19
224,Saint-Augustin,100,CA,2021-05-27 19:17:32,89,51.226,-58.6502,47.97,10.58
225,Illapel,71,CL,2021-05-27 19:17:32,24,-31.6308,-71.1653,76.33,4.85
226,Kinablangan,15,PH,2021-05-27 19:17:32,85,7.6947,126.5503,79.18,3.67
227,El Palmar,20,GT,2021-05-27 19:17:33,79,14.65,-91.5833,93.04,5.64
228,Penzance,100,GB,2021-05-27 19:17:33,91,50.1186,-5.5371,54.28,8.23
229,Morehead,40,US,2021-05-27 19:17:33,60,37.2711,-87.1764,84.83,10.36
230,Haines Junction,100,CA,2021-05-27 19:17:34,47,60.7522,-137.5108,53.55,1.14
231,Lasa,46,IT,2021-05-27 19:17:34,90,46.6166,10.7002,58.08,7.58
232,Treinta Y Tres,0,UY,2021-05-27 19:17:34,60,-33.2333,-54.3833,67.51,9.17
233,Lao Cai,92,VN,2021-05-27 19:17:35,99,22.4833,103.95,77.47,0.51
234,Berlevag,75,NO,2021-05-27 19:17:35,81,70.8578,29.0864,39.15,21.85
235,Akdepe,68,TM,2021-05-27 19:17:35,28,42.0551,59.3788,80.69,8.61
236,Colombo,98,LK,2021-05-27 19:17:33,84,6.9319,79.8478,80.85,15.17
237,Leh,0,IN,2021-05-27 19:17:36,29,34.1667,77.5833,49.33,4.0
238,Palmas,0,BR,2021-05-27 19:15:11,36,-10.2128,-48.3603,93.07,6.91
239,Fort Nelson,75,CA,2021-05-27 19:17:36,36,58.8053,-122.7002,58.59,3.44
240,Dalby,0,AU,2021-05-27 19:17:37,58,-27.1833,151.2667,30.9,5.53
241,Yabelo,100,ET,2021-05-27 19:17:37,70,4.8833,38.0833,61.97,5.88
242,Esperance,25,AU,2021-05-27 19:17:37,49,-33.8667,121.9,51.64,17.0
243,Dingle,100,PH,2021-05-27 19:17:38,85,10.9995,122.6711,78.93,3.33
244,Shimoda,100,JP,2021-05-27 19:17:38,78,34.6667,138.95,66.11,22.44
245,Dikson,80,RU,2021-05-27 19:17:38,99,73.5069,80.5464,16.66,7.2
246,Somerset,1,US,2021-05-27 19:16:39,44,40.5668,-74.5496,85.01,4.0
247,Faro,0,PT,2021-05-27 19:17:39,77,37.0194,-7.9322,67.78,2.3
248,Byron Bay,5,AU,2021-05-27 19:17:39,88,-28.65,153.6167,51.87,9.44
249,Toyoshina,7,JP,2021-05-27 19:17:39,95,36.2999,137.9011,58.3,5.64
250,Taltal,63,CL,2021-05-27 19:17:40,69,-25.4,-70.4833,67.98,4.7
251,Kayseri,75,TR,2021-05-27 19:17:40,39,38.737,35.4968,66.22,2.3
252,Baherden,4,TM,2021-05-27 19:17:40,50,38.4362,57.4316,79.5,4.54
253,Kieta,100,PG,2021-05-27 19:17:41,92,-6.2167,155.6333,77.58,5.77
254,Songea,0,TZ,2021-05-27 19:17:41,74,-10.6833,35.65,56.17,2.64
255,Letnik,64,RU,2021-05-27 19:17:41,86,46.011,41.2657,63.14,8.84
256,Mezen,97,RU,2021-05-27 19:17:42,88,65.8522,44.24,39.38,8.43
257,Atar,5,MR,2021-05-27 19:16:21,12,20.5169,-13.0499,100.11,14.9
258,Elbistan,70,TR,2021-05-27 19:17:42,68,38.2059,37.1983,62.53,1.34
259,Chumikan,44,RU,2021-05-27 19:17:43,91,54.7183,135.315,28.94,1.19
260,Pierre,90,US,2021-05-27 19:15:36,87,44.3683,-100.351,47.32,14.97
261,Kashan,0,IR,2021-05-27 19:17:43,21,33.9831,51.4364,83.03,4.45
262,Rubtsovsk,2,RU,2021-05-27 19:17:43,55,51.5,81.25,57.83,14.56
263,Longyearbyen,20,SJ,2021-05-27 19:15:06,64,78.2186,15.6401,31.84,14.97
264,Constitucion,100,CL,2021-05-27 19:17:44,87,-35.3333,-72.4167,59.0,3.33
265,Rengo,96,CL,2021-05-27 19:17:44,34,-34.4167,-70.8667,68.32,2.77
266,Lake Park,40,US,2021-05-27 19:17:45,64,26.8003,-80.0664,89.06,4.0
267,Hofn,99,IS,2021-05-27 19:17:45,73,64.2539,-15.2082,43.32,10.45
268,Tignere,24,CM,2021-05-27 19:17:45,82,7.3667,12.65,69.19,2.01
269,Lesogorsk,100,RU,2021-05-27 19:17:46,44,56.0458,99.5136,45.41,9.13
270,Bongandanga,100,CD,2021-05-27 19:17:46,99,1.5,21.05,71.64,1.36
271,Usinsk,11,RU,2021-05-27 19:17:46,57,65.9939,57.5281,37.15,5.35
272,Meulaboh,98,ID,2021-05-27 19:17:47,89,4.1363,96.1285,76.48,4.54
273,Bartlesville,90,US,2021-05-27 19:17:47,94,36.7473,-95.9808,88.36,3.44
274,Faanui,5,PF,2021-05-27 19:17:47,68,-16.4833,-151.75,80.42,9.86
275,Shirdi,81,IN,2021-05-27 19:17:47,69,19.7667,74.4833,79.52,11.21
276,Tessalit,100,ML,2021-05-27 19:17:48,4,20.1986,1.0114,98.85,10.36
277,Olafsvik,0,IS,2021-05-27 19:17:48,80,64.8945,-23.7142,46.24,5.95
278,Broken Hill,8,AU,2021-05-27 19:17:48,87,-31.95,141.4333,42.51,5.75
279,Viborg,18,DK,2021-05-27 19:17:49,82,56.4532,9.402,53.65,7.23
280,Manggar,17,ID,2021-05-27 19:17:49,80,-2.8833,108.2667,82.4,8.52
281,Quatre Cocos,42,MU,2021-05-27 19:17:49,88,-20.2078,57.7625,72.09,9.24
282,Plettenberg Bay,27,ZA,2021-05-27 19:17:50,80,-34.0527,23.3716,57.4,5.68
283,Buraydah,99,SA,2021-05-27 19:17:50,12,26.326,43.975,95.45,10.51
284,Turaiyur,45,IN,2021-05-27 19:17:50,71,11.1667,78.6167,85.26,6.91
285,Narsaq,2,GL,2021-05-27 19:17:51,47,60.9167,-46.05,57.42,6.24
286,Fayetteville,90,US,2021-05-27 19:17:31,38,35.0527,-78.8784,95.95,3.0
287,Vao,100,NC,2021-05-27 19:17:51,74,-22.6667,167.4833,70.48,8.08
288,Gamba,95,GA,2021-05-27 19:17:51,90,-2.65,10.0,76.12,5.08
289,Baykit,100,RU,2021-05-27 19:17:52,46,61.67,96.37,45.23,8.84
290,Chernushka,0,RU,2021-05-27 19:17:52,78,56.5072,56.0766,48.22,3.06
291,Brae,48,GB,2021-05-27 19:17:52,81,60.3964,-1.353,48.11,12.01
292,La Ronge,75,CA,2021-05-27 19:17:53,29,55.1001,-105.2842,61.05,16.11
293,Los Llanos De Aridane,75,ES,2021-05-27 19:17:53,87,28.6585,-17.9182,64.15,11.88
294,Kidal,57,ML,2021-05-27 19:17:53,4,18.4411,1.4078,97.0,10.22
295,Bereda,100,ES,2021-05-27 19:17:54,57,43.2686,-7.5406,67.41,3.69
296,Kulhudhuffushi,85,MV,2021-05-27 19:17:54,79,6.6221,73.07,82.42,21.52
297,Novogornyy,40,RU,2021-05-27 19:17:54,75,55.63,60.7919,47.79,4.27
298,Taunggyi,100,MM,2021-05-27 19:17:55,60,20.7833,97.0333,67.42,2.1
299,Sao Miguel Do Araguaia,0,BR,2021-05-27 19:17:55,24,-13.275,-50.1628,93.65,4.34
300,Cairo,0,EG,2021-05-27 19:15:14,32,30.0626,31.2497,86.76,13.8
301,Mount Pleasant,20,US,2021-05-27 19:17:55,55,32.7941,-79.8626,96.1,1.01
302,Sinnamary,100,GF,2021-05-27 19:17:56,94,5.3833,-52.95,75.72,7.07
303,Saiha,75,IN,2021-05-27 19:17:56,84,22.4833,92.9667,71.15,2.62
304,Lakes Entrance,100,AU,2021-05-27 19:17:57,60,-37.8811,147.981,49.57,20.33
305,Najran,9,SA,2021-05-27 19:17:57,16,17.4924,44.1277,86.65,3.91
306,Banda Aceh,100,ID,2021-05-27 19:17:57,70,5.5577,95.3222,81.99,9.44
307,Gannan,100,CN,2021-05-27 19:17:57,60,47.9147,123.5031,51.31,5.48
308,Margate,93,GB,2021-05-27 19:15:20,74,51.3813,1.3862,60.85,1.99
309,Voh,26,NC,2021-05-27 19:17:58,89,-20.9667,164.7,63.84,3.06
310,Mitsamiouli,0,KM,2021-05-27 19:17:58,60,-11.3847,43.2844,77.86,7.83
311,Nyurba,96,RU,2021-05-27 19:17:59,84,63.2842,118.3319,49.35,4.65
312,Takoradi,94,GH,2021-05-27 19:17:59,81,4.8845,-1.7554,81.61,10.36
313,Fereydun Kenar,0,IR,2021-05-27 19:17:59,78,36.6864,52.5225,68.47,9.84
314,Huanren,100,CN,2021-05-27 19:17:59,96,41.2647,125.3667,50.54,3.38
315,Yarada,40,IN,2021-05-27 19:18:00,89,17.65,83.2667,84.52,6.11
316,Mesetas,60,CO,2021-05-27 19:18:00,89,3.3846,-74.0442,77.63,3.51
317,Carutapera,22,BR,2021-05-27 19:18:00,73,-1.195,-46.02,83.71,8.84
318,Bozoum,50,CF,2021-05-27 19:18:01,93,6.3193,16.3799,70.83,4.18
319,Norman Wells,90,CA,2021-05-27 19:18:01,87,65.282,-126.8329,41.04,12.66
320,Victor Harbor,94,AU,2021-05-27 19:18:02,80,-35.5667,138.6167,57.99,8.63
321,Roald,75,NO,2021-05-27 19:18:02,81,62.5833,6.1333,57.16,12.66
322,Paita,49,PE,2021-05-27 19:18:03,76,-5.0892,-81.1144,77.56,14.9
323,Bodden Town,40,KY,2021-05-27 19:18:03,65,19.2833,-81.25,83.93,8.01
324,Sao Filipe,1,CV,2021-05-27 19:18:03,78,14.8961,-24.4956,73.49,11.68
325,Tombouctou,47,ML,2021-05-27 19:18:04,7,20.0,-3.0,97.99,3.56
326,Mongoumba,100,CF,2021-05-27 19:18:04,91,3.6415,18.5936,73.06,1.74
327,Kosa,100,RU,2021-05-27 19:18:05,60,59.9445,54.9977,49.26,6.55
328,Calama,75,CL,2021-05-27 19:18:05,55,-22.4667,-68.9333,59.49,20.71
329,Diu,84,IN,2021-05-27 19:18:06,72,20.7141,70.9822,84.56,12.19
330,Verkhnyaya Inta,14,RU,2021-05-27 19:18:06,61,65.9811,60.3094,35.67,3.8
331,Cabra,100,ES,2021-05-27 19:16:21,69,37.4725,-4.4421,64.65,1.01
332,Buenavista,76,PH,2021-05-27 19:18:06,93,8.9769,125.4089,76.59,4.03
333,Sao Borja,29,BR,2021-05-27 19:18:07,47,-28.6606,-56.0044,72.77,3.85
334,Itarema,14,BR,2021-05-27 19:18:07,70,-2.9248,-39.9167,83.53,14.67
335,Port Hardy,90,CA,2021-05-27 19:18:08,93,50.6996,-127.4199,50.18,3.44
336,Beberibe,8,BR,2021-05-27 19:16:19,75,-4.1797,-38.1306,84.24,11.14
337,Tecoanapa,100,MX,2021-05-27 19:18:08,51,16.5167,-98.75,88.16,10.33
338,Coffs Harbour,0,AU,2021-05-27 19:18:08,95,-30.3,153.1333,46.13,4.61
339,Waingapu,6,ID,2021-05-27 19:18:09,83,-9.6567,120.2641,78.01,17.78
340,Talnakh,13,RU,2021-05-27 19:18:09,87,69.4865,88.3972,12.56,1.61
341,Ilula,55,TZ,2021-05-27 19:18:10,94,-7.6766,36.0366,57.51,4.83
342,Bud,100,US,2021-05-27 19:18:10,63,39.447,-86.1758,82.42,8.3
343,Ornskoldsvik,6,SE,2021-05-27 19:18:10,65,63.2909,18.7153,46.22,2.04
344,Lishui,100,CN,2021-05-27 19:18:11,96,28.4604,119.9103,71.49,3.67
345,Barwani,99,IN,2021-05-27 19:18:11,56,22.0333,74.9,88.5,12.48
346,Inhambane,0,MZ,2021-05-27 19:18:11,66,-23.865,35.3833,68.27,5.48
347,Duma,87,CN,2021-05-27 19:18:12,40,34.7653,108.135,60.82,7.99
348,Miedzyrzecz,39,PL,2021-05-27 19:18:12,91,52.4446,15.578,53.17,8.28
349,Aranos,5,NA,2021-05-27 19:18:13,28,-24.1333,19.1167,60.76,3.27
350,Sola,76,VU,2021-05-27 19:18:13,61,-13.8833,167.55,76.96,8.63
351,Aksu,16,CN,2021-05-27 19:18:13,13,41.1231,80.2644,75.33,2.8
352,Talcahuano,90,CL,2021-05-27 19:14:08,100,-36.7167,-73.1167,58.68,10.36
353,Tefe,40,BR,2021-05-27 19:18:14,74,-3.3542,-64.7114,87.91,6.91
354,Linjiang,100,CN,2021-05-27 19:18:14,92,41.8069,126.9078,48.78,1.95
355,Cabatuan,100,PH,2021-05-27 19:18:14,86,10.8794,122.486,78.3,4.07
356,La Seyne-Sur-Mer,2,FR,2021-05-27 19:18:15,63,43.0982,5.8847,73.69,15.82
357,Kenai,1,US,2021-05-27 19:18:15,75,60.5544,-151.2583,61.03,20.71
358,Tiksi,100,RU,2021-05-27 19:18:15,95,71.6872,128.8694,34.03,5.41
359,Tilichiki,100,RU,2021-05-27 19:18:16,97,60.4667,166.1,32.81,2.24
360,Severo-Kurilsk,93,RU,2021-05-27 19:18:16,92,50.6789,156.125,38.62,9.46
361,Marawi,16,PH,2021-05-27 19:18:16,92,7.9986,124.2928,71.65,2.55
362,Pochutla,98,MX,2021-05-27 19:18:16,42,15.7432,-96.4661,92.82,8.59
363,Necochea,100,AR,2021-05-27 19:15:15,47,-38.5473,-58.7368,67.17,19.71
364,Ponta Delgada,20,PT,2021-05-27 19:18:17,63,37.7333,-25.6667,63.32,14.97
365,Xingtai,0,CN,2021-05-27 19:18:17,16,37.0631,114.4942,72.27,11.12
366,El Molino,100,CO,2021-05-27 19:18:17,58,10.6523,-72.924,90.32,6.85
367,Jimenez,100,MX,2021-05-27 19:18:18,15,28.3333,-105.4,92.14,6.49
368,Fergus Falls,40,US,2021-05-27 19:18:18,66,46.283,-96.0776,51.78,9.22
369,Qaqortoq,4,GL,2021-05-27 19:15:50,50,60.7167,-46.0333,57.7,4.99
370,Gerash,0,IR,2021-05-27 19:18:19,15,27.6652,54.1371,84.34,6.89
371,Selfoss,0,IS,2021-05-27 19:18:19,48,63.9331,-20.9971,53.04,15.01
372,Tomatlan,95,MX,2021-05-27 19:18:19,39,19.9333,-105.25,93.63,11.88
373,Isangel,99,VU,2021-05-27 19:18:20,62,-19.55,169.2667,68.76,4.09
374,Sakaiminato,75,JP,2021-05-27 19:18:20,88,35.55,133.2333,62.58,6.91
375,Kushima,100,JP,2021-05-27 19:18:20,92,31.4583,131.2333,65.12,4.56
376,Pascagoula,1,US,2021-05-27 19:16:03,63,30.3658,-88.5561,90.41,8.93
377,Hirara,100,JP,2021-05-27 19:18:21,84,24.8,125.2833,82.6,9.69
378,Mujiayingzi,97,CN,2021-05-27 19:18:21,79,42.1167,118.7833,48.42,4.29
379,Nome,1,US,2021-05-27 19:18:22,57,64.5011,-165.4064,60.12,6.91
380,Callaguip,100,PH,2021-05-27 19:18:22,71,18.0714,120.4867,83.25,6.51
381,Mahajanga,20,MG,2021-05-27 19:18:22,83,-15.7167,46.3167,73.42,2.3
382,Hami,100,CN,2021-05-27 19:18:23,11,42.8,93.45,81.73,3.2
383,Brufut,8,GM,2021-05-27 19:18:23,78,13.3814,-16.7518,77.09,14.99
384,College,75,US,2021-05-27 19:18:23,48,64.8569,-147.8028,57.15,8.05
385,Nelson Bay,16,AU,2021-05-27 19:18:23,82,-32.7167,152.15,51.01,16.51
386,Diego De Almagro,20,CL,2021-05-27 19:18:24,18,-26.3667,-70.05,81.1,13.18
387,Tias,75,ES,2021-05-27 19:18:24,64,28.9611,-13.645,69.55,13.8
388,Ribeira Brava,74,PT,2021-05-27 19:18:25,75,32.65,-17.0667,68.72,1.81
389,Chengde,84,CN,2021-05-27 19:18:03,70,40.9725,117.9361,50.76,5.93
390,Bukama,5,CD,2021-05-27 19:18:25,49,-9.2,25.85,68.31,2.86
391,San Jose De Ocoa,85,DO,2021-05-27 19:18:25,55,18.55,-70.5,86.67,4.18
392,Muroto,100,JP,2021-05-27 19:18:25,85,33.2833,134.15,67.57,6.11
393,Superior,1,US,2021-05-27 19:18:26,67,46.7208,-92.1041,46.71,20.71
394,Ust-Maya,100,RU,2021-05-27 19:18:26,91,60.4167,134.5333,42.26,3.85
395,Ubinskoye,100,RU,2021-05-27 19:18:26,52,55.3068,79.6802,46.62,17.87
396,Ebolowa,100,CM,2021-05-27 19:18:27,96,2.9,11.15,71.31,2.37
397,Taragual,100,HN,2021-05-27 19:18:12,55,14.75,-88.4833,82.54,5.01
398,Iaciara,2,BR,2021-05-27 19:18:27,26,-14.0958,-46.6317,91.96,6.58
399,Amapa,100,BR,2021-05-27 19:18:27,99,1.0,-52.0,73.04,4.32
400,Ust-Kuyga,11,RU,2021-05-27 19:18:28,60,70.0167,135.6,53.65,2.57
401,Port Lincoln,100,AU,2021-05-27 19:18:28,69,-34.7333,135.8667,58.69,4.27
402,Biu,12,NG,2021-05-27 19:18:28,33,10.6129,12.1946,85.96,4.54
403,Galle,99,LK,2021-05-27 19:17:36,83,6.0367,80.217,80.62,16.78
404,Kamenka,21,RU,2021-05-27 19:18:29,69,51.3223,42.7678,60.51,5.35
405,Gidole,86,ET,2021-05-27 19:18:29,76,5.65,37.3667,57.25,1.77
406,San Ramon,1,US,2021-05-27 19:18:29,44,37.7799,-121.978,79.09,8.99
407,Mont-Dore,9,NC,2021-05-27 19:18:30,99,-22.2833,166.5833,69.01,2.1
408,Aguada De Pasajeros,100,CU,2021-05-27 19:18:30,41,22.385,-80.8508,87.94,2.86
409,Novoorsk,0,RU,2021-05-27 19:18:30,45,51.381,58.9813,61.45,10.29
410,Nabire,98,ID,2021-05-27 19:16:25,91,-3.3667,135.4833,77.02,3.65
411,Mandalgovi,100,MN,2021-05-27 19:18:31,38,45.7625,106.2708,47.73,14.18
412,Grand Gaube,5,MU,2021-05-27 19:18:31,78,-20.0064,57.6608,72.37,5.01
413,Maniitsoq,48,GL,2021-05-27 19:18:31,89,65.4167,-52.9,35.78,4.61
414,Jackson,90,US,2021-05-27 19:18:32,45,42.4165,-122.8345,64.89,9.22
415,Geraldton,90,AU,2021-05-27 19:18:32,48,-28.7667,114.6,66.61,7.02
416,Yerbogachen,96,RU,2021-05-27 19:18:32,72,61.2767,108.0108,48.22,2.84
417,Port Hawkesbury,90,CA,2021-05-27 19:18:33,88,45.6169,-61.3485,52.72,8.01
418,Luanda,0,AO,2021-05-27 19:15:54,83,-8.8368,13.2343,77.0,6.91
419,Puerto Maldonado,40,PE,2021-05-27 19:18:33,55,-12.6,-69.1833,90.0,4.61
420,Coahuayana,100,MX,2021-05-27 19:18:33,40,18.7333,-103.6833,98.08,7.81
421,Illela,100,NG,2021-05-27 19:18:34,20,13.7292,5.2975,96.98,6.02
422,Pacific Grove,90,US,2021-05-27 19:14:11,79,36.6177,-121.9166,77.16,1.99
423,Laguna,1,US,2021-05-27 19:18:34,39,38.421,-121.4238,83.61,3.0
424,Doha,0,QA,2021-05-27 19:18:35,18,25.2867,51.5333,96.78,10.36
425,Makueni,92,KE,2021-05-27 19:18:35,76,-1.8041,37.6203,65.14,7.14
426,Taoudenni,35,ML,2021-05-27 19:18:35,12,22.6783,-3.9836,105.48,7.45
427,Pleasanton,1,US,2021-05-27 19:17:30,45,37.6624,-121.8747,79.59,1.01
428,Bria,95,CF,2021-05-27 19:18:36,96,6.5423,21.9863,68.59,1.54
429,Satipo,100,PE,2021-05-27 19:18:36,43,-11.2522,-74.6386,88.2,1.48
430,Salta,69,AR,2021-05-27 19:14:05,63,-24.7859,-65.4117,67.57,4.0
431,Huarmey,33,PE,2021-05-27 19:18:36,79,-10.0681,-78.1522,71.73,8.68
432,Naantali,75,FI,2021-05-27 19:18:37,81,60.4674,22.0243,50.41,4.12
433,Goderich,100,CA,2021-05-27 19:15:34,57,43.7501,-81.7165,55.2,18.41
434,Maniwaki,70,CA,2021-05-27 19:18:37,46,46.3834,-75.966,50.54,11.54
435,Prince Rupert,1,CA,2021-05-27 19:15:07,78,54.3161,-130.3201,55.49,9.22
436,Walvis Bay,0,NA,2021-05-27 19:18:38,63,-22.9575,14.5053,65.35,12.26
437,Kuandian,100,CN,2021-05-27 19:18:38,95,40.7286,124.7847,51.19,5.37
438,Husavik,62,IS,2021-05-27 19:18:38,34,66.0449,-17.3389,60.71,18.01
439,Mount Isa,0,AU,2021-05-27 19:18:39,33,-20.7333,139.5,58.77,11.5
440,Caceres,100,ES,2021-05-27 19:18:39,44,39.522,-6.3748,72.81,2.28
441,Caravelas,99,BR,2021-05-27 19:18:39,70,-17.7125,-39.2481,78.66,7.85
442,Qom,0,IR,2021-05-27 19:18:40,22,34.6401,50.8764,83.1,5.53
443,Kijang,0,KR,2021-05-27 19:18:40,72,35.2442,129.2139,55.13,6.42
444,Thap Khlo,100,TH,2021-05-27 19:18:40,89,16.16,100.5966,79.16,3.76
445,Tommot,100,RU,2021-05-27 19:18:40,94,58.9564,126.2925,48.22,2.28
446,Popondetta,94,PG,2021-05-27 19:18:41,88,-8.7537,148.2534,72.39,2.75
447,Watsa,100,CD,2021-05-27 19:18:41,95,3.0372,29.5355,65.98,1.01
448,Ahipara,97,NZ,2021-05-27 19:18:42,94,-35.1667,173.1667,56.46,5.99
449,Marzuq,13,YE,2021-05-27 19:18:42,49,14.4,46.4667,79.66,5.88
450,Merauke,100,ID,2021-05-27 19:18:42,88,-8.4667,140.3333,74.86,12.59
451,Kargat,100,RU,2021-05-27 19:18:43,52,55.1956,80.2811,46.8,18.21
452,Tulun,100,RU,2021-05-27 19:18:43,54,54.5611,100.5792,45.3,6.49
453,Khandyga,82,RU,2021-05-27 19:18:43,62,62.6667,135.6,46.8,0.92
454,Alausi,67,EC,2021-05-27 19:18:44,68,-2.2,-78.8333,67.78,1.72
455,Manicore,78,BR,2021-05-27 19:18:44,36,-5.8092,-61.3003,94.37,1.39
456,Turukhansk,100,RU,2021-05-27 19:18:44,98,65.8167,87.9833,36.14,10.76
457,Okha,82,RU,2021-05-27 19:18:45,93,53.5739,142.9478,32.92,5.35
458,Nizhneudinsk,100,RU,2021-05-27 19:18:45,71,54.9076,99.0276,49.19,5.91
459,Tifton,75,US,2021-05-27 19:18:45,42,31.4505,-83.5085,94.28,9.22
460,Suntar,73,RU,2021-05-27 19:18:46,91,62.1444,117.6319,48.52,4.56
461,Raudeberg,6,NO,2021-05-27 19:18:46,81,61.9875,5.1352,63.27,21.54
462,Hannibal,40,US,2021-05-27 19:18:46,53,39.7084,-91.3585,75.92,4.61
463,Elat,0,IL,2021-05-27 19:17:07,20,29.5581,34.9482,94.84,18.41
464,Agnibilekrou,35,CI,2021-05-27 19:18:47,95,7.1344,-3.2047,75.02,5.21
465,Aksarka,40,RU,2021-05-27 19:18:47,64,66.5606,67.7975,35.02,6.4
466,Luena,0,AO,2021-05-27 19:18:47,47,-11.7833,19.9167,56.57,3.91
467,Monrovia,21,LR,2021-05-27 19:18:48,79,6.3005,-10.7969,82.17,8.75
468,Pacifica,20,US,2021-05-27 19:18:48,72,37.6138,-122.4869,78.64,7.0
469,Srikakulam,100,IN,2021-05-27 19:18:48,82,18.3,83.9,85.05,2.55
470,Crotone,0,IT,2021-05-27 19:18:49,70,39.0851,17.1178,65.61,5.14
471,Thanh Hoa,65,VN,2021-05-27 19:18:49,92,19.8,105.7667,78.8,1.57
472,Prudentopolis,88,BR,2021-05-27 19:18:49,63,-25.2131,-50.9778,72.19,1.95
473,Phultala,94,BD,2021-05-27 19:18:50,86,22.7,89.5167,82.15,12.77
474,Havre-Saint-Pierre,90,CA,2021-05-27 19:18:50,57,50.2334,-63.5986,46.76,19.57
475,Luderitz,8,NA,2021-05-27 19:18:50,73,-26.6481,15.1594,59.72,8.9
476,Araguaina,22,BR,2021-05-27 19:18:50,39,-7.1911,-48.2072,89.6,5.41
477,Myaundzha,100,RU,2021-05-27 19:18:51,81,63.0494,147.1858,39.92,7.43
478,Ihosy,0,MG,2021-05-27 19:18:51,64,-22.4,46.1167,60.48,3.58
479,Jiuquan,99,CN,2021-05-27 19:18:52,18,39.7432,98.5174,69.42,7.54
480,Malanje,82,AO,2021-05-27 19:18:52,48,-9.5402,16.341,63.55,2.26
481,Santarem,75,BR,2021-05-27 19:18:52,74,-2.4431,-54.7083,87.93,4.61
482,Bonavista,100,CA,2021-05-27 19:18:52,99,48.6499,-53.1147,55.4,17.58
483,Nkhata Bay,0,MW,2021-05-27 19:18:53,68,-11.6066,34.2907,67.44,3.76
484,Brighton,0,GB,2021-05-27 19:18:53,69,50.8284,-0.1395,63.09,3.22
485,Santa Cruz,75,BO,2021-05-27 19:16:53,51,-17.8,-63.1667,86.05,18.41
486,Nyrob,100,RU,2021-05-27 19:18:54,58,60.733,56.7202,44.98,3.89
487,Uberlingen,66,DE,2021-05-27 19:18:54,77,47.7667,9.1667,55.35,2.37
488,Alice Springs,81,AU,2021-05-27 19:18:54,69,-23.7,133.8833,35.15,7.09
489,Kutum,83,SD,2021-05-27 19:18:55,19,14.2,24.6667,86.09,9.37
490,Boralday,75,KZ,2021-05-27 19:18:55,56,43.3578,76.8594,69.66,6.98
491,Abbeville,14,FR,2021-05-27 19:14:20,86,50.1,1.8333,59.49,5.55
492,San Luis,0,AR,2021-05-27 19:18:55,29,-33.295,-66.3356,71.15,18.32
493,Ballyhaunis,100,IE,2021-05-27 19:18:56,99,53.7667,-8.7667,52.65,4.52
494,Nishihara,75,JP,2021-05-27 19:18:56,91,26.1842,127.7558,78.85,8.19
495,Ofunato,67,JP,2021-05-27 19:18:56,88,39.0717,141.7167,59.81,12.37
496,Barabai,10,ID,2021-05-27 19:18:56,91,-2.5833,115.3833,75.33,2.04
497,Kuusamo,0,FI,2021-05-27 19:18:57,57,65.9667,29.1833,44.64,9.22
498,Ewa Beach,75,US,2021-05-27 19:18:57,64,21.3156,-158.0072,82.02,10.0
499,Aldergrove,75,CA,2021-05-27 19:15:34,78,49.058,-122.4709,60.08,3.0
500,Revda,2,RU,2021-05-27 19:18:58,74,56.801,59.9303,41.81,2.17
501,Petropavlovsk-Kamchatskiy,20,RU,2021-05-27 19:18:58,93,53.0452,158.6483,37.99,9.62
502,Hay River,20,CA,2021-05-27 19:18:58,47,60.8156,-115.7999,55.38,5.75
503,Santa Catarina De Tepehuanes,37,MX,2021-05-27 19:18:59,9,25.35,-105.7333,90.46,7.96
504,Jalu,47,LY,2021-05-27 19:18:59,14,29.0331,21.5482,88.86,9.26
505,Lorengau,100,PG,2021-05-27 19:18:59,86,-2.0226,147.2712,78.13,4.94
506,Mitu,100,CO,2021-05-27 19:16:07,87,1.1983,-70.1733,76.35,2.35
507,Laurel,40,US,2021-05-27 19:14:47,45,39.0993,-76.8483,87.26,1.99
508,Kodinsk,88,RU,2021-05-27 19:19:00,72,58.6881,99.1844,38.08,5.61
509,Torbat-E Jam,20,IR,2021-05-27 19:19:00,33,35.244,60.6225,74.82,20.6
510,Vila Franca Do Campo,46,PT,2021-05-27 19:19:00,71,37.7167,-25.4333,63.01,8.39
511,Dali,100,CN,2021-05-27 19:19:01,96,25.7,100.1833,62.26,4.74
512,Elko,7,US,2021-05-27 19:19:01,18,41.0002,-115.5012,71.06,10.0
513,Sabha,2,LY,2021-05-27 19:18:13,10,27.0377,14.4283,92.57,10.78
514,Barrhead,100,GB,2021-05-27 19:19:02,68,55.7992,-4.3929,59.47,1.99
515,Port Augusta,84,AU,2021-05-27 19:19:02,82,-32.5,137.7667,44.74,4.38
516,Shingu,100,JP,2021-05-27 19:19:02,86,33.7333,135.9833,62.91,5.03
517,Atasu,98,KZ,2021-05-27 19:19:03,42,48.6814,71.6433,63.61,18.79
518,Kabakovo,0,RU,2021-05-27 19:19:03,71,54.5369,56.1517,55.22,7.29
519,Comodoro Rivadavia,94,AR,2021-05-27 19:14:48,44,-45.8667,-67.5,55.81,24.63
520,Aquiraz,14,BR,2021-05-27 19:19:03,76,-3.9014,-38.3911,84.29,10.6
521,San Felipe,98,VE,2021-05-27 19:19:04,66,10.3399,-68.7425,84.25,1.7
522,Christchurch,20,NZ,2021-05-27 19:15:06,93,-43.5333,172.6333,43.83,3.44
523,Havelock,91,US,2021-05-27 19:19:04,72,34.8791,-76.9013,92.98,8.01
524,Igarka,100,RU,2021-05-27 19:19:04,84,67.4667,86.5833,25.7,12.62
525,Takab,0,IR,2021-05-27 19:19:06,37,36.4009,47.1133,60.53,1.54
526,Kilindoni,4,TZ,2021-05-27 19:19:06,68,-7.9139,39.6668,79.63,16.31
527,Salinopolis,73,BR,2021-05-27 19:19:07,76,-0.6136,-47.3561,82.35,9.66
528,Sharjah,0,AE,2021-05-27 19:19:07,64,25.3573,55.4033,88.09,9.93
529,Nampula,75,MZ,2021-05-27 19:19:07,94,-15.1165,39.2666,66.15,6.91
530,Aswan,17,EG,2021-05-27 19:19:08,11,24.0934,32.907,94.73,6.49
531,Torbay,75,CA,2021-05-27 19:19:08,85,47.6666,-52.7314,60.89,24.16
532,Luau,5,AO,2021-05-27 19:19:08,44,-10.7073,22.2247,62.29,5.23
533,Roma,75,US,2021-05-27 19:16:22,54,43.2128,-75.4557,65.39,1.99
534,Yenotayevka,100,RU,2021-05-27 19:19:09,44,47.2456,47.0281,74.37,16.31
535,Qui Nhon,99,VN,2021-05-27 19:19:09,89,13.7667,109.2333,79.52,6.76
536,Half Moon Bay,1,US,2021-05-27 19:16:27,61,37.4636,-122.4286,77.5,8.88
537,Valle Hermoso,15,MX,2021-05-27 19:19:09,56,25.6667,-97.8333,91.54,21.61
538,Zhovti Vody,100,UA,2021-05-27 19:19:10,55,48.3473,33.5003,71.26,3.2
539,Duvan,0,RU,2021-05-27 19:19:10,74,55.695,57.9024,49.17,4.45
540,Garhi Khairo,3,PK,2021-05-27 19:19:11,21,28.0606,67.9803,98.4,8.48
541,Ulaangom,79,MN,2021-05-27 19:19:11,40,49.9811,92.0667,64.13,1.45
542,Burriana,100,ES,2021-05-27 19:19:11,75,39.889,-0.085,69.84,4.65
543,Lagoa,96,PT,2021-05-27 19:19:12,63,39.05,-27.9833,58.93,9.33
544,Tonj,94,SS,2021-05-27 19:19:12,75,7.2737,28.6822,78.3,4.16
545,Grand Island,40,US,2021-05-27 19:19:12,61,40.925,-98.342,66.49,5.01
546,Oconomowoc,90,US,2021-05-27 19:19:12,68,43.1117,-88.4993,52.05,1.99
547,Cockburn Town,40,TC,2021-05-27 19:19:13,65,21.4612,-71.1419,84.16,9.22
548,Tupelo,40,US,2021-05-27 19:19:13,52,34.2576,-88.7034,88.99,0.0
549,Oussouye,9,SN,2021-05-27 19:19:13,55,12.485,-16.5469,84.38,10.67
550,Smirnykh,84,RU,2021-05-27 19:19:14,94,49.75,142.8333,37.06,1.54
551,Sharanga,52,RU,2021-05-27 19:19:14,82,57.1775,46.5396,57.24,7.74
552,Laguna De Perlas,94,NI,2021-05-27 19:19:14,72,12.3429,-83.6712,86.09,14.18
553,Oxford,0,GB,2021-05-27 19:17:49,56,51.7522,-1.256,64.56,5.41
554,Tres Arroyos,100,AR,2021-05-27 19:19:15,51,-38.3739,-60.2798,64.49,18.59
555,The Valley,40,AI,2021-05-27 19:19:15,70,18.217,-63.0578,87.66,11.5
556,Namatanai,100,PG,2021-05-27 19:19:16,92,-3.6667,152.4333,77.07,7.78
557,Uttaradit,85,TH,2021-05-27 19:19:16,97,17.6667,100.5,72.09,2.33
558,Luba,31,GQ,2021-05-27 19:19:16,82,3.4568,8.5547,81.09,5.7
559,Pietarsaari,34,FI,2021-05-27 19:19:17,85,63.65,22.6833,45.0,6.67
560,Makakilo City,75,US,2021-05-27 19:19:17,65,21.3469,-158.0858,80.62,8.05
561,Abu Samrah,0,SY,2021-05-27 19:19:17,31,35.3029,37.1841,74.89,11.21
562,Tabou,12,CI,2021-05-27 19:19:17,81,4.423,-7.3528,80.38,6.87
563,Qandala,73,SO,2021-05-27 19:19:18,64,11.472,49.8728,87.3,4.21
